{
    "root_group": {
        "id": "d41d8cd98f00b204e9800998ecf8427e",
        "groups": {},
        "checks": {
                "status is 200": {
                    "name": "status is 200",
                    "path": "::status is 200",
                    "id": "6210a8cd14cd70477eba5c5e4cb3fb5f",
                    "passes": 45,
                    "fails": 0
                }
            },
        "name": "",
        "path": ""
    },
    "metrics": {
        "http_req_duration": {
            "p(90)": 205.75006000000002,
            "p(95)": 230.8227,
            "avg": 109.29657777777781,
            "min": 63.1039,
            "med": 74.5473,
            "max": 491.2175
        },
        "iteration_duration": {
            "med": 1076.5265,
            "max": 1758.5781,
            "p(90)": 1370.7516000000005,
            "p(95)": 1484.02814,
            "avg": 1141.287711111111,
            "min": 1064.7437
        },
        "vus": {
            "value": 5,
            "min": 5,
            "max": 5
        },
        "iterations": {
            "count": 45,
            "rate": 4.276242124326095
        },
        "http_req_duration{expected_response:true}": {
            "avg": 109.29657777777781,
            "min": 63.1039,
            "med": 74.5473,
            "max": 491.2175,
            "p(90)": 205.75006000000002,
            "p(95)": 230.8227
        },
        "http_req_blocked": {
            "avg": 29.82706888888889,
            "min": 0,
            "med": 0,
            "max": 271.8659,
            "p(90)": 157.66050000000035,
            "p(95)": 269.54463999999996
        },
        "http_req_receiving": {
            "med": 2.359,
            "max": 102.1426,
            "p(90)": 10.357060000000004,
            "p(95)": 18.305139999999987,
            "avg": 6.402262222222223,
            "min": 0
        },
        "data_sent": {
            "rate": 1498.4902679666263,
            "count": 15769
        },
        "http_reqs": {
            "count": 45,
            "rate": 4.276242124326095
        },
        "http_req_failed": {
            "passes": 0,
            "fails": 45,
            "value": 0
        },
        "data_received": {
            "count": 1337232,
            "rate": 127073.95129770739
        },
        "http_req_connecting": {
            "med": 0,
            "max": 22.4869,
            "p(90)": 12.07848000000003,
            "p(95)": 21.6384,
            "avg": 2.3896200000000003,
            "min": 0
        },
        "http_req_waiting": {
            "min": 61.086,
            "med": 69.9891,
            "max": 487.9617,
            "p(90)": 185.5862,
            "p(95)": 225.27155999999997,
            "avg": 102.41571111111108
        },
        "http_req_sending": {
            "p(95)": 1.3399399999999995,
            "avg": 0.4786044444444444,
            "min": 0,
            "med": 0.4505,
            "max": 2.2407,
            "p(90)": 1.02214
        },
        "checks": {
            "passes": 45,
            "fails": 0,
            "value": 1
        },
        "vus_max": {
            "value": 5,
            "min": 5,
            "max": 5
        },
        "http_req_tls_handshaking": {
            "p(95)": 126.04856,
            "avg": 14.002531111111113,
            "min": 0,
            "med": 0,
            "max": 127.0942,
            "p(90)": 75.00108000000019
        }
    }
}